{
  "accuracy": 0.9990881579469018,
  "macro_f1": 0.9504261538800385,
  "weighted_f1": 0.9991141623109866,
  "macro_precision": 0.9600488948750927,
  "macro_recall": 0.9546589936197738,
  "weighted_precision": 0.999175999763691,
  "weighted_recall": 0.9990881579469018,
  "classification_report": {
    "BENIGN": {
      "precision": 0.9999618037540544,
      "recall": 0.9989887844107443,
      "f1-score": 0.99947505726648,
      "support": 314473.0
    },
    "Bot": {
      "precision": 0.7091836734693877,
      "recall": 0.9823321554770318,
      "f1-score": 0.8237037037037037,
      "support": 283.0
    },
    "Brute Force": {
      "precision": 0.9992565055762082,
      "recall": 0.9992565055762082,
      "f1-score": 0.9992565055762082,
      "support": 1345.0
    },
    "DDoS": {
      "precision": 0.9996893123446562,
      "recall": 0.9999482053141348,
      "f1-score": 0.9998187420699656,
      "support": 19307.0
    },
    "DoS": {
      "precision": 0.9977259414946766,
      "recall": 0.9996202706434687,
      "f1-score": 0.998672207756376,
      "support": 28968.0
    },
    "Infiltration": {
      "precision": 1.0,
      "recall": 0.6666666666666666,
      "f1-score": 0.8,
      "support": 3.0
    },
    "PortScan": {
      "precision": 0.989771490750816,
      "recall": 0.9996336727965419,
      "f1-score": 0.9946781366187942,
      "support": 13649.0
    },
    "Web Attack": {
      "precision": 0.9848024316109423,
      "recall": 0.9908256880733946,
      "f1-score": 0.9878048780487805,
      "support": 327.0
    },
    "accuracy": 0.9990881579469018,
    "macro avg": {
      "precision": 0.9600488948750927,
      "recall": 0.9546589936197738,
      "f1-score": 0.9504261538800385,
      "support": 378355.0
    },
    "weighted avg": {
      "precision": 0.999175999763691,
      "recall": 0.9990881579469018,
      "f1-score": 0.9991141623109866,
      "support": 378355.0
    }
  },
  "per_class_detection": {
    "BENIGN": {
      "total": 314473,
      "detected": 314155,
      "detection_rate": 0.9989887844107443
    },
    "Bot": {
      "total": 283,
      "detected": 278,
      "detection_rate": 0.9823321554770318
    },
    "Brute Force": {
      "total": 1345,
      "detected": 1344,
      "detection_rate": 0.9992565055762082
    },
    "DDoS": {
      "total": 19307,
      "detected": 19306,
      "detection_rate": 0.9999482053141348
    },
    "DoS": {
      "total": 28968,
      "detected": 28957,
      "detection_rate": 0.9996202706434687
    },
    "Infiltration": {
      "total": 3,
      "detected": 2,
      "detection_rate": 0.6666666666666666
    },
    "PortScan": {
      "total": 13649,
      "detected": 13644,
      "detection_rate": 0.9996336727965419
    },
    "Web Attack": {
      "total": 327,
      "detected": 324,
      "detection_rate": 0.9908256880733946
    }
  },
  "confusion_matrix": [
    [
      314155,
      114,
      1,
      6,
      59,
      0,
      136,
      2
    ],
    [
      5,
      278,
      0,
      0,
      0,
      0,
      0,
      0
    ],
    [
      0,
      0,
      1344,
      0,
      0,
      0,
      0,
      1
    ],
    [
      1,
      0,
      0,
      19306,
      0,
      0,
      0,
      0
    ],
    [
      4,
      0,
      0,
      0,
      28957,
      0,
      5,
      2
    ],
    [
      1,
      0,
      0,
      0,
      0,
      2,
      0,
      0
    ],
    [
      1,
      0,
      0,
      0,
      4,
      0,
      13644,
      0
    ],
    [
      0,
      0,
      0,
      0,
      3,
      0,
      0,
      324
    ]
  ],
  "class_names": [
    "BENIGN",
    "Bot",
    "Brute Force",
    "DDoS",
    "DoS",
    "Infiltration",
    "PortScan",
    "Web Attack"
  ]
}