{
  "BENIGN": {
    "precision": 0.9999618037540544,
    "recall": 0.9989887844107443,
    "f1-score": 0.99947505726648,
    "support": 314473.0
  },
  "Bot": {
    "precision": 0.7091836734693877,
    "recall": 0.9823321554770318,
    "f1-score": 0.8237037037037037,
    "support": 283.0
  },
  "Brute Force": {
    "precision": 0.9992565055762082,
    "recall": 0.9992565055762082,
    "f1-score": 0.9992565055762082,
    "support": 1345.0
  },
  "DDoS": {
    "precision": 0.9996893123446562,
    "recall": 0.9999482053141348,
    "f1-score": 0.9998187420699656,
    "support": 19307.0
  },
  "DoS": {
    "precision": 0.9977259414946766,
    "recall": 0.9996202706434687,
    "f1-score": 0.998672207756376,
    "support": 28968.0
  },
  "Infiltration": {
    "precision": 1.0,
    "recall": 0.6666666666666666,
    "f1-score": 0.8,
    "support": 3.0
  },
  "PortScan": {
    "precision": 0.989771490750816,
    "recall": 0.9996336727965419,
    "f1-score": 0.9946781366187942,
    "support": 13649.0
  },
  "Web Attack": {
    "precision": 0.9848024316109423,
    "recall": 0.9908256880733946,
    "f1-score": 0.9878048780487805,
    "support": 327.0
  },
  "accuracy": 0.9990881579469018,
  "macro avg": {
    "precision": 0.9600488948750927,
    "recall": 0.9546589936197738,
    "f1-score": 0.9504261538800385,
    "support": 378355.0
  },
  "weighted avg": {
    "precision": 0.999175999763691,
    "recall": 0.9990881579469018,
    "f1-score": 0.9991141623109866,
    "support": 378355.0
  }
}