{
  "accuracy": 0.9991040160695643,
  "precision": 0.9949834078551731,
  "recall": 0.999733884349269,
  "f1_score": 0.9973529894041493,
  "false_positive_rate": 0.0010239352822022877,
  "false_negative_rate": 0.00026611565073103534,
  "detection_rate": 0.999733884349269,
  "true_positives": 63865,
  "true_negatives": 314151,
  "false_positives": 322,
  "false_negatives": 17,
  "total_samples": 378355,
  "roc_auc": 0.999982536630357,
  "pr_auc": 0.9999117985042301
}