{
  "default_threshold": {
    "threshold": 0.5,
    "accuracy": 0.9991040160695643,
    "precision": 0.9949834078551731,
    "recall": 0.999733884349269,
    "f1_score": 0.9973529894041493,
    "fpr": 0.0010239352822022877,
    "fnr": 0.00026611565073103534,
    "detection_rate": 0.999733884349269,
    "tp": 63865,
    "tn": 314151,
    "fp": 322,
    "fn": 17
  },
  "calibration_methods": {
    "youden_j": {
      "threshold": 0.4781526643854971,
      "metrics": {
        "threshold": 0.4781526643854971,
        "accuracy": 0.9991013730491205,
        "precision": 0.9949216437673303,
        "recall": 0.9997808459346921,
        "f1_score": 0.9973453262125613,
        "fpr": 0.0010366549751489,
        "fnr": 0.00021915406530791147,
        "detection_rate": 0.9997808459346921,
        "tp": 63868,
        "tn": 314147,
        "fp": 326,
        "fn": 14
      }
    },
    "max_f1": {
      "threshold": 0.8327918077281451,
      "metrics": {
        "threshold": 0.8327918077281451,
        "accuracy": 0.9992467391735275,
        "precision": 0.9969369735423276,
        "recall": 0.998606806299114,
        "f1_score": 0.9977711912787106,
        "fpr": 0.0006232649543840012,
        "fnr": 0.0013931937008860086,
        "detection_rate": 0.998606806299114,
        "tp": 63793,
        "tn": 314277,
        "fp": 196,
        "fn": 89
      }
    }
  },
  "recommended_method": "youden_j",
  "recommended_threshold": 0.4781526643854971
}